{"Algeria": 0.9384322348332242, "Angola": 0.9025284074634716, "Argentina": 2.3228855475684993, "Australia": 2.483498313522447, "Azerbaijan": 1.8806423205854181, "Bangladesh": -1.1759089510400085, "Belarus": 1.3332417636033012, "Belgium": 2.3647814654651196, "Benin": 1.3694721017860845, "Bolivia": 2.1374391452367707, "Brazil": 2.3502127154763457, "Burkina Faso": 1.520586220482323, "Cameroon": 1.3259195411047124, "Canada": 2.4527791352305552, "Chad": 0.6176719355138196, "Chile": 2.3369593091057843, "China": 1.1635803237322078, "Colombia": 1.9448954116255424, "Cuba": 1.2907135981144588, "Czechia": 2.1677370061010945, "C\u00f4te d'Ivoire": 1.5173370936331598, "Democratic Republic of the Congo": -0.14851064516954748, "Dominican Republic": 2.0600043198369025, "Ecuador": 2.330137199773011, "Egypt": 1.5917898210437906, "El Salvador": 1.811034995053195, "Ethiopia": 0.7962441106503939, "France": 2.4538091104010897, "Germany": 2.2426034723114485, "Ghana": 1.316511207937037, "Guatemala": 1.3582801088913135, "Guinea": 1.3554193287169678, "Haiti": 0.7871380919734532, "Honduras": 1.8805008701451744, "Hungary": 2.2543132342956502, "India": 0.08633131333189742, "Indonesia": 1.529775898838605, "Iran": 2.102423015000055, "Iraq": 1.753631076373203, "Israel": 1.62365495461566, "Italy": 2.1690587804930437, "Japan": 2.7068724735987395, "Jordan": 1.702295232707156, "Kazakhstan": 1.5390847459196202, "Kenya": 1.1890029068913153, "Libya": 2.497383273804422, "Madagascar": -0.5544166264796977, "Malaysia": 1.9085178383032861, "Mali": 1.8108101759826711, "Morocco": 1.7978064826093254, "Mozambique": 1.1653827176749458, "Myanmar": 1.0424613121531068, "M\u00e9xico": 2.307048867958894, "Nepal": 0.7259554668861274, "Netherlands": 2.474543419685208, "Nicaragua": 1.561706132775929, "Niger": 1.0149701692019453, "Nigeria": 0.36404317902586075, "North Korea": -0.1583281851834457, "Pakistan": 0.22527055116087824, "Palestine": 1.4200632721856588, "Peru": 1.962675585619975, "Philippines": 1.1448947387583108, "Poland": 1.9402997046744632, "Romania": 1.8442559082093686, "Russia": 1.515664816589182, "Saudi Arabia": 2.240084061644714, "Senegal": 1.8683174348279992, "Serbia": 2.1096611119525095, "Sierra Leone": 0.27239160816913577, "Somalia": 0.3608470456171782, "South Africa": 1.977526491044117, "South Korea": 1.9520844397099952, "South Sudan": -0.39228965794274195, "Spain": 2.27570094258156, "Sri Lanka": 1.8421245953928427, "Sudan": 0.7625231591343415, "Sweden": 2.214458608975413, "Switzerland": 2.282416147339328, "Syria": 1.8038291370442359, "Taiwan": 2.125215693138505, "Tajikistan": 0.8959132786745103, "Tanzania": 1.352988652672066, "Thailand": 1.898378281641669, "Togo": 1.1587425029115797, "Tunisia": 2.3199595892306046, "Turkey": 1.8474986897067218, "Uganda": 1.1927686650121547, "Ukraine": 1.6103813736010955, "United Arab Emirates": 1.4742558534376338, "United Kingdom": 2.390987418818385, "United States": 2.716844822016049, "Uzbekistan": 1.5102705379092707, "Venezuela": 1.9159741847280758, "Vietnam": 1.7766620612306792, "Yemen": -0.08338045715375464, "Zambia": 1.2657506410616173, "Zimbabwe": 1.6735475738380394, "Afghanistan": 0.0}