{"Algeria": 0.9384322348332879, "Angola": 0.902528407463461, "Argentina": 2.322885547568503, "Australia": 2.4834983135224573, "Azerbaijan": 1.8806423205854008, "Bangladesh": -1.17590895104001, "Belarus": 1.3332417636033371, "Belgium": 2.364781465465081, "Benin": 1.3694721017860811, "Bolivia": 2.1374391452368178, "Brazil": 2.350212715476346, "Burkina Faso": 1.5205862204823237, "Cameroon": 1.3259195411047209, "Canada": 2.4527791352305233, "Chad": 0.6176719355138255, "Chile": 2.336959309105777, "China": 1.1635803237322109, "Colombia": 1.9448954116255281, "Cuba": 1.2907135981144529, "Czechia": 2.167737006101122, "C\u00f4te d'Ivoire": 1.5173370936331554, "Democratic Republic of the Congo": -0.14851064516953638, "Dominican Republic": 2.060004319836897, "Ecuador": 2.3301371997730334, "Egypt": 1.5917898210437968, "El Salvador": 1.8110349950531963, "Ethiopia": 0.7962441106503848, "France": 2.453809110401093, "Germany": 2.2426034723114348, "Ghana": 1.3165112079370496, "Guatemala": 1.3582801088913035, "Guinea": 1.3554193287169802, "Haiti": 0.7871380919734545, "Honduras": 1.8805008701451786, "Hungary": 2.2543132342956533, "India": 0.08633131333189392, "Indonesia": 1.5297758988386017, "Iran": 2.1024230150000554, "Iraq": 1.7536310763731981, "Israel": 1.6236549546156662, "Italy": 2.1690587804930503, "Japan": 2.706872473598733, "Jordan": 1.702295232707149, "Kazakhstan": 1.5390847459196184, "Kenya": 1.1890029068913046, "Libya": 2.4973832738044432, "Madagascar": -0.5544166264796875, "Malaysia": 1.9085178383032932, "Mali": 1.8108101759826676, "Morocco": 1.797806482609326, "Mozambique": 1.1653827176749392, "Myanmar": 1.0424613121531108, "M\u00e9xico": 2.3070488679588927, "Nepal": 0.7259554668861323, "Netherlands": 2.47454341968521, "Nicaragua": 1.5617061327759236, "Niger": 1.0149701692019426, "Nigeria": 0.3640431790258518, "North Korea": -0.15832818518343922, "Pakistan": 0.2252705511608757, "Palestine": 1.420063272185672, "Peru": 1.9626755856199742, "Philippines": 1.1448947387583235, "Poland": 1.9402997046744712, "Romania": 1.844255908209387, "Russia": 1.515664816589174, "Saudi Arabia": 2.2400840616447244, "Senegal": 1.8683174348280134, "Serbia": 2.1096611119524984, "Sierra Leone": 0.27239160816918506, "Somalia": 0.3608470456171937, "South Africa": 1.9775264910441084, "South Korea": 1.9520844397099926, "South Sudan": -0.3922896579427352, "Spain": 2.275700942581557, "Sri Lanka": 1.8421245953928134, "Sudan": 0.7625231591343364, "Sweden": 2.214458608975411, "Switzerland": 2.282416147339326, "Syria": 1.803829137044239, "Taiwan": 2.1252156931385073, "Tajikistan": 0.8959132786745037, "Tanzania": 1.352988652672066, "Thailand": 1.898378281641678, "Togo": 1.1587425029115908, "Tunisia": 2.3199595892305904, "Turkey": 1.8474986897067214, "Uganda": 1.1927686650121763, "Ukraine": 1.6103813736010988, "United Arab Emirates": 1.4742558534376458, "United Kingdom": 2.3909874188183866, "United States": 2.7168448220160473, "Uzbekistan": 1.5102705379092707, "Venezuela": 1.9159741847280776, "Vietnam": 1.776662061230685, "Yemen": -0.08338045715376563, "Zambia": 1.2657506410616077, "Zimbabwe": 1.6735475738380394, "Afghanistan": 0.0}