{
  "intercept": 7.594772142719442,
  "ln_pop_S": 0.9777493129111837,
  "ln_pop_M": 0.7701032802176591,
  "ln_pop_L": 0.8294741969502972,
  "ln_area_S": 0.6052845038751369,
  "ln_area_M": 0.5124373607400128,
  "ln_area_L": 0.2064995153831935,
  "intercept_dev_S": -3.163532990017835,
  "intercept_dev_M": -0.5295709680959613,
  "size_threshold_S_M": 88335.2,
  "size_threshold_M_L": 329479.7999999998
}