{
  "intercept": 7.5947721427192825,
  "ln_pop_S": 1.5830338167863278,
  "ln_pop_M": 1.2825406409576725,
  "ln_pop_L": 1.0359737123334805,
  "ln_density_S": -0.6052845038751223,
  "ln_density_M": -0.5124373607400066,
  "ln_density_L": -0.20649951538318376,
  "intercept_dev_S": -3.1635329900178197,
  "intercept_dev_M": -0.5295709680959693,
  "size_threshold_S_M": 88335.2,
  "size_threshold_M_L": 329479.7999999998
}